size,lr,blk,epoch,head_frozen,PPL,mean_similarity_score,std_similarity_score,min_similarity_score,25%_similarity_score,50%_similarity_score,75%_similarity_score,mean_exact_match,std_exact_match,max_exact_match,exact_match_1,exact_match_2,exact_match_3,exact_match_4,exact_match_5,exact_match_6,exact_match_7,exact_match_8,exact_match_9,exact_match_10,exact_match_11,exact_match_12,exact_match_13,exact_match_14,exact_match_15,exact_match_18,exact_match_23,exact_match_54,exact_match_0,exact_match_16,exact_match_17,exact_match_19,exact_match_20,exact_match_21,exact_match_22,exact_match_25,exact_match_32,exact_match_39,exact_match_34,exact_match_37,exact_match_30,exact_match_33,exact_match_26,exact_match_29,exact_match_53,exact_match_27,exact_match_24,exact_match_28,exact_match_36,exact_match_38,exact_match_31,exact_match_35,exact_match_40,exact_match_42,exact_match_43,exact_match_46,exact_match_48,exact_match_52,exact_match_60,exact_match_64
gpt2-large,1E-05,1,2,False,15.6474,0.759817552476354,0.208771600025499,-0.061493262648582,0.62607678771019,0.80995512008667,0.935622438788414,0.963317647058824,1.45673231648794,54,20770,9862,4808,2472,1312,717,395,231,128,77,42,32,19,11,7,4,3,1,21730,,,,,,,,,,,,,,,,,,,,,,,,,,,,,,,
gpt2-large,1E-05,1,4,False,15.5083,0.764234203014599,0.20673061754717,-0.103169679641724,0.631576478481293,0.815081924200058,0.938497394323349,1.01781176470588,1.51725618109486,54,21389,10358,5236,2753,1479,824,479,286,163,101,53,36,24,14,9,3,2,1,21111,6,,,,,,,,,,,,,,,,,,,,,,,,,,,,,,
gpt2-large,1E-05,1,6,False,15.5483,0.76507361515664,0.205918500422198,-0.034501366317272,0.63379593193531,0.814965754747391,0.939224362373352,1.06211764705882,1.57831257981019,54,21743,10830,5554,2998,1657,926,540,317,186,124,71,50,34,20,15,7,3,1,20757,11,8,5,4,,,,,,,,,,,,,,,,,,,,,,,,,,,
gpt2-large,5E-05,1,1,False,16.5941,0.76288314141824,0.208238603341649,-0.066216036677361,0.629649609327316,0.814084321260452,0.938014343380928,0.990188235294118,1.46675359701564,23,21022,10157,5013,2620,1439,792,437,255,139,83,46,32,20,8,6,,1,,21478,4,,2,,,,,,,,,,,,,,,,,,,,,,,,,,,,
gpt2-large,5E-05,1,2,False,16.4676,0.767021693048801,0.205230621112659,-0.108278408646584,0.638266012072563,0.816953778266907,0.939944311976433,1.16974117647059,1.68532997285741,39,22742,11903,6388,3572,2080,1203,688,415,247,155,95,58,44,25,17,,4,,19758,11,8,,7,6,5,3,2,1,,,,,,,,,,,,,,,,,,,,,,
gpt2-large,5E-05,1,3,False,17.5447,0.773534389095578,0.20336928857777,-0.0549351349473,0.646379113197327,0.824244141578674,0.945284739136696,1.36672941176471,1.9187240667895,54,24280,13693,7901,4678,2802,1725,1057,667,418,257,165,111,79,55,39,14,,1,18220,24,17,12,10,8,5,,4,,3,2,,,,,,,,,,,,,,,,,,,,
gpt2-large,5E-05,1,4,False,19.3573,0.777550996024556,0.202307053549323,-0.072243459522724,0.652477338910103,0.828516215085983,0.948984771966934,1.61588235294118,2.17219324151401,54,25951,15775,9731,6081,3869,2494,1616,1045,671,431,292,195,136,93,70,26,,1,16549,47,38,20,11,8,7,,,2,,,4,3,,,,,,,,,,,,,,,,,,
gpt2-large,5E-06,1,10,False,30.0327,0.763806075793888,0.206628395187521,-0.059562373906374,0.631389245390892,0.81459829211235,0.938230261206627,1.04061176470588,1.54550043420678,54,21548,10628,5402,2889,1579,885,509,300,168,106,62,42,26,15,10,4,2,1,20952,7,,3,,,,,,,,,,,,,,,,,,,,,,,,,,,,
gpt2-large,5E-06,1,3,False,15.7113,0.76040210972917,0.208496622663948,-0.055879957973957,0.626753330230713,0.81034192442894,0.936420649290085,0.9492,1.4231476972612,39,20692,9691,4693,2410,1251,685,379,219,122,73,37,25,16,9,6,,2,,21808,3,,,,,,,,1,,,,,,,,,,,,,,,,,,,,,,
gpt2-large,5E-06,1,6,False,15.5242,0.763167451330318,0.207158162179883,-0.055879957973957,0.631739094853401,0.813692271709442,0.937719970941544,1.01249411764706,1.51207416556268,54,21278,10350,5171,2750,1487,820,464,273,153,100,53,35,23,12,8,,2,1,21222,6,,3,,,,,,,,,,,,,,,,,,,,,,,,,,,,
gpt2-large,0.0001,0,2,False,19.903,0.753903282988948,0.211418434140671,-0.112273253500462,0.615237325429916,0.803228944540024,0.933456346392631,0.944870588235294,1.38082446355883,19,20617,10120,4679,2253,1136,590,323,185,99,59,35,24,12,8,6,2,,,21883,,4,1,,,,,,,,,,,,,,,,,,,,,,,,,,,,
gpt2-large,0.0001,0,4,False,20.9243,0.755193895715344,0.210903091490081,-0.075990304350853,0.618707776069641,0.804291605949402,0.933680713176727,0.970211764705882,1.40978325896094,18,20876,10381,4878,2397,1224,643,348,207,113,67,41,26,13,8,5,1,,,21624,,3,,,,,,,,,,,,,,,,,,,,,,,,,,,,,
gpt2-large,0.0001,0,1,False,19.2818,0.752121665450755,0.212410943097651,-0.083827406167984,0.615226700901985,0.80127340555191,0.932062327861786,0.904635294117647,1.3285485391589,21,20217,9657,4363,2074,1013,526,267,151,75,39,26,15,7,,,,,,22283,3,,2,,1,,,,,,,,,,,,,,,,,,,,,,,,,,
gpt2-large,1E-05,0,2,False,19.8998,0.746643534632652,0.21636517595929,-0.072788439691067,0.606205627322197,0.798499822616577,0.928981617093086,0.789082352941176,1.17634246707524,16,19025,8378,3413,1465,644,321,138,75,29,16,12,10,5,,2,,,,23475,1,,,,,,,,,,,,,,,,,,,,,,,,,,,,,,
gpt2-large,1E-05,0,6,False,19.4195,0.749835620685141,0.213501447782165,-0.06879510730505,0.611394077539444,0.799307942390442,0.929748922586441,0.833552941176471,1.23534305383863,16,19536,8784,3808,1716,797,395,186,105,42,22,16,11,4,2,,,,,22964,1,,,,,,,,,,,,,,,,,,,,,,,,,,,,,,
gpt2-large,1E-05,0,10,False,19.2373,0.750554134752316,0.213090048142884,-0.066654153168201,0.612258344888687,0.80032479763031,0.9309121966362,0.8548,1.26353907578013,16,19724,9053,3979,1838,859,431,210,116,49,29,20,12,5,2,,,,,22776,1,,,,,,,,,,,,,,,,,,,,,,,,,,,,,,
gpt2-large,5E-05,0,2,False,19.2896,0.752322985382773,0.212412255700483,-0.10444387793541,0.613726705312729,0.802067160606384,0.932368844747543,0.909435294117647,1.3348910365854,19,20254,9714,4424,2090,1023,527,274,155,72,41,30,20,11,6,4,,,,22246,3,,1,,,,,,,,,,,,,,,,,,,,,,,,,,,,
gpt2-large,5E-05,0,4,False,19.9747,0.753903527313405,0.211303221968202,-0.065060190856457,0.616257965564728,0.803262293338776,0.932850062847137,0.946776470588235,1.37775184802776,18,20647,10135,4707,2284,1147,593,318,179,91,54,36,21,11,6,4,1,,,21853,,2,,,,,,,,,,,,,,,,,,,,,,,,,,,,,
gpt2-large,5E-05,0,1,False,19.2672,0.750751787206958,0.213120104827852,-0.0661311596632,0.612761124968529,0.800970494747162,0.931170493364334,0.861247058823529,1.27016800401128,16,19806,9131,4050,1847,869,438,210,121,59,31,20,12,5,2,,,,,22694,1,,,,,,,,,,,,,,,,,,,,,,,,,,,,,,
gpt2-large,1E-05,0.4,4,False,25.5768,0.75730895088177,0.208835406783581,-0.078775532543659,0.62290170788765,0.805604100227356,0.934301078319549,0.986729411764706,1.41418457324618,20,21133,10664,4934,2463,1246,678,363,218,102,57,31,22,11,5,3,,,,21367,2,,,1,,,,,,,,,,,,,,,,,,,,,,,,,,,
gpt2-large,1E-06,0.4,2,False,19.321,0.750967652327962,0.212986495740905,-0.1174725741148,0.613632798194885,0.800281137228012,0.930754408240318,0.826776470588235,1.2337818530999,21,19319,9055,3528,1635,767,386,201,118,50,28,18,14,6,4,3,,,,23181,,,,,1,,,,,,,,,,,,,,,,,,,,,,,,,,
gpt2-large,1E-06,0.4,4,False,19.4576,0.751219842535455,0.212745259867673,-0.1174725741148,0.614170804619789,0.800611972808838,0.930510967969894,0.838023529411765,1.24679833250738,21,19478,9144,3636,1683,797,404,214,124,53,29,19,15,7,4,3,,,,23022,,,,,1,,,,,,,,,,,,,,,,,,,,,,,,,,
gpt2-large,1E-06,0.4,5,False,19.4686,0.751450455046401,0.212486797960188,-0.1174725741148,0.61434930562973,0.800662130117416,0.930579230189323,0.841952941176471,1.25132366355942,21,19516,9186,3672,1708,813,413,217,124,53,28,18,15,7,4,3,,,,22984,,,,,1,,,,,,,,,,,,,,,,,,,,,,,,,,
gpt2-large,1E-06,0.4,1,False,19.3425,0.750086384456966,0.213650487075319,-0.084739536046982,0.610952436923981,0.799752980470657,0.931078925728798,0.815341176470588,1.21756053123156,21,19214,8921,3425,1582,734,365,187,105,47,24,15,14,6,4,3,,,,23286,,,,,1,,,,,,,,,,,,,,,,,,,,,,,,,,
gpt2-large,1E-07,0.4,4,False,19.8316,0.747701158034791,0.216725875138102,-0.069033183157444,0.606070294976234,0.799293756484985,0.930931642651558,0.803482352941176,1.19061133251287,15,19172,8702,3427,1495,689,342,155,88,37,15,11,10,3,,1,,,,23328,,,,,,,,,,,,,,,,,,,,,,,,,,,,,,,
gpt2-large,1E-07,0.4,9,False,19.5152,0.74798720895831,0.21564766098379,-0.067101769149303,0.606304407119751,0.799202173948288,0.930548772215843,0.808423529411765,1.19889774604284,14,19195,8818,3390,1541,713,359,168,97,37,17,10,9,3,1,,,,,23305,,,,,,,,,,,,,,,,,,,,,,,,,,,,,,,
gpt2-large,1E-07,0.4,14,False,19.4686,0.748614786139733,0.214895413695346,-0.084739536046982,0.607672348618507,0.799303591251373,0.930665493011475,0.806141176470588,1.19883506551843,15,19155,8820,3349,1514,702,356,174,103,42,18,11,10,4,2,1,,,,23345,,,,,,,,,,,,,,,,,,,,,,,,,,,,,,,
gpt2-large,5E-05,0.4,4,False,29.0891,0.764071992524669,0.205744796118967,-0.098447248339653,0.633342027664185,0.812429755926132,0.937622725963593,1.16235294117647,1.61660776374502,18,22739,12332,6388,3474,1919,1069,599,368,204,123,74,53,25,15,9,1,,,19761,5,3,,,,,,,,,,,,,,,,,,,,,,,,,,,,,
gpt2-large,5E-07,0.4,2,False,19.5321,0.749555170995468,0.214121099370376,-0.084739536046982,0.608791142702103,0.799483716487885,0.930931642651558,0.810305882352941,1.2130288533739,21,19150,8869,3379,1549,717,360,185,106,47,25,17,15,6,4,3,,,,23350,,,,,1,,,,,,,,,,,,,,,,,,,,,,,,,,
gpt2-large,5E-07,0.4,4,False,19.3828,0.750261241585093,0.213469512475697,-0.084739536046982,0.611337453126907,0.799930840730667,0.930627971887588,0.817529411764706,1.22104517948414,21,19230,8958,3434,1597,738,366,188,108,50,26,17,14,6,4,3,,,,23270,,,,,1,,,,,,,,,,,,,,,,,,,,,,,,,,
gpt2-large,5E-07,0.4,5,False,19.3902,0.750513888249086,0.213245538605193,-0.07506588101387,0.612148642539978,0.80010849237442,0.930724859237671,0.821223529411765,1.2304678252123,21,19250,8982,3471,1613,752,377,199,116,55,29,20,15,7,5,4,,,,23250,2,,,,1,,,,,,,,,,,,,,,,,,,,,,,,,,
gpt2-large,5E-07,0.4,1,False,19.7219,0.748516118519479,0.214963598762559,-0.084739536046982,0.607484638690949,0.799234807491303,0.930586352944374,0.806023529411765,1.19900248327647,15,19151,8815,3353,1519,699,353,174,102,40,20,12,11,4,2,1,,,,23349,,,,,,,,,,,,,,,,,,,,,,,,,,,,,,,
gpt2-large,1E-06,0.4,3,True,19.3613,0.749924346461169,0.213572169135273,-0.064775362610817,0.61007796227932,0.800239682197571,0.930554166436196,0.851882352941176,1.25035677547411,20,19707,9258,3829,1739,832,416,202,125,48,19,11,9,3,,,,,,22793,,,,1,,,,,,,,,,,,,,,,,,,,,,,,,,,
gpt2-large,5E-05,0.4,4,True,26.1443,0.760794783777831,0.207603793066573,-0.063529416918755,0.627499014139175,0.809349179267883,0.936481803655624,1.09903529411765,1.54594384183384,17,22242,11702,5860,3094,1657,922,514,296,164,98,60,47,24,14,8,,,,20258,5,2,,,,,,,,,,,,,,,,,,,,,,,,,,,,,
gpt2-large,1E-05,0.7,4,False,25.5878,0.759795735261589,0.207520852377794,-0.074585258960724,0.626514986157417,0.807895034551621,0.935414984822273,1.06967058823529,1.52002334238382,20,21856,11402,5648,2968,1576,875,481,284,148,87,52,38,20,10,6,,,,20644,3,,2,1,,,,,,,,,,,,,,,,,,,,,,,,,,,
gpt2-large,1E-06,0.7,3,False,19.5399,0.754065059141683,0.21015866895425,-0.077993229031563,0.616745322942734,0.802340537309647,0.932228848338127,0.890305882352941,1.30525011983382,21,20122,9652,4110,1943,934,494,264,152,75,35,24,17,6,3,,,,,22378,,,,,1,,,,,,,,,,,,,,,,,,,,,,,,,,
gpt2-large,1E-06,0.7,4,False,19.6488,0.753883498915877,0.210636215763358,-0.077993229031563,0.616843357682228,0.802292943000793,0.932351052761078,0.8972,1.31402921869888,21,20186,9721,4177,1980,956,511,274,158,74,35,24,18,7,3,,,,,22314,,,,,1,,,,,,,,,,,,,,,,,,,,,,,,,,
gpt2-large,1E-06,0.7,5,False,19.6912,0.753732210880803,0.21073600332214,-0.077993229031563,0.616856634616852,0.802270174026489,0.932328850030899,0.900682352941177,1.31956785681172,21,20218,9752,4203,1998,968,521,282,164,76,37,25,18,7,3,,,,,22282,,,,,1,,,,,,,,,,,,,,,,,,,,,,,,,,
gpt2-large,1E-06,0.7,1,False,18.9268,0.752391465891416,0.21212873208987,-0.060376733541489,0.61388373374939,0.801420569419861,0.9317227602005,0.861505882352941,1.27301812933469,21,19765,9358,3865,1812,868,443,225,131,59,31,21,16,6,4,3,,,,22735,2,,,,1,,,,,,,,,,,,,,,,,,,,,,,,,,
gpt2-large,1E-07,0.7,2,False,19.4323,0.749084379870543,0.215325917170631,-0.109923109412193,0.608467981219292,0.800518333911896,0.93101255595684,0.823317647058823,1.22099075518173,15,19358,8834,3640,1634,762,396,188,100,40,16,,9,3,,1,,,,23142,,,,,,,,,,,,,,,,,,,,,,,,,,,,,,,
gpt2-large,1E-07,0.7,4,False,19.24,0.74952020025559,0.214598668863646,-0.109923109412193,0.609150424599648,0.79989704489708,0.930682554841042,0.832,1.22541691965594,13,19472,9000,3680,1675,776,397,187,103,38,14,,8,2,,,,,,23028,,,,,,,,,,,,,,,,,,,,,,,,,,,,,,,
gpt2-large,1E-07,0.7,6,False,19.066,0.750024051048881,0.214282349091703,-0.075282104313374,0.609811812639236,0.800957530736923,0.930999085307121,0.836870588235294,1.23571889806933,14,19510,9082,3673,1694,798,407,198,115,42,20,13,10,4,1,,,,,22990,,,,,,,,,,,,,,,,,,,,,,,,,,,,,,,
gpt2-large,1E-07,0.7,10,False,19.0157,0.775390512708476,0.202281711335924,-0.071775317192078,0.648719221353531,0.82412314414978,0.947303026914597,1.78964705882353,2.2848486382574,30,27080,17400,11050,7131,4664,3048,1954,1253,798,519,347,234,155,114,81,34,6,,15420,61,44,26,18,13,12,4,,,,,1,,3,2,,,,,,,,,,,,,,,,
gpt2-large,5E-05,0.7,4,False,31.4315,0.769571584003857,0.203336355180245,-0.085581637918949,0.641896173357964,0.817420363426209,0.940994948148727,1.36816470588235,1.83550407195703,22,24457,14181,8012,4656,2760,1631,926,565,340,218,142,92,54,38,25,10,,,18043,20,13,4,,,1,,,,,,,,,,,,,,,,,,,,,,,,,
gpt2-large,5E-07,0.7,2,False,18.8437,0.751835820064409,0.212850891174213,-0.075282104313374,0.614243745803833,0.801747560501099,0.931661665439606,0.847388235294118,1.2527403322544,16,19607,9225,3727,1746,832,420,213,122,53,28,19,14,4,2,,,,,22893,1,,,,,,,,,,,,,,,,,,,,,,,,,,,,,,
gpt2-large,5E-07,0.7,4,False,18.9652,0.752517572121432,0.211801620896606,-0.07098575681448,0.614886209368706,0.801185965538025,0.931640028953552,0.864823529411765,1.27336545871062,21,19812,9413,3898,1831,865,443,225,126,60,30,20,15,5,3,,,,,22688,2,,,,1,,,,,,,,,,,,,,,,,,,,,,,,,,
gpt2-large,5E-07,0.7,5,False,19.0006,0.752905862553155,0.211411485201898,-0.07098575681448,0.615564823150635,0.801031947135925,0.931623607873917,0.868847058823529,1.27818425681643,21,19864,9448,3927,1850,881,456,229,129,60,30,20,15,5,3,,,,,22636,2,,,,1,,,,,,,,,,,,,,,,,,,,,,,,,,
gpt2-large,5E-07,0.7,1,False,18.9241,0.751171527472401,0.213408232030948,-0.075282104313374,0.612027406692505,0.801279157400131,0.931767076253891,0.843105882352941,1.24652348406942,16,19575,9146,3704,1732,821,422,208,119,45,22,15,12,5,3,2,,,,22925,1,,,,,,,,,,,,,,,,,,,,,,,,,,,,,,
gpt2-large,5E-05,0.7,4,True,33.7254,0.767943224651191,0.20462605374099,-0.066705539822578,0.637033253908157,0.816373109817505,0.941556081175804,1.37454117647059,1.8619251284503,22,24447,14161,7955,4689,2814,1699,1000,606,360,233,148,95,65,42,29,13,,,18053,25,19,9,,,3,,,,,,,,,,,,,,,,,,,,,,,,,
gpt2-large,5E-07,0.7,2,True,19.0255,0.751978343337478,0.212760918970806,-0.060376733541489,0.613533928990364,0.801880985498428,0.931968986988068,0.863223529411765,1.25549610205733,13,19898,9359,3929,1813,864,429,199,112,43,17,12,10,2,,,,,,22602,,,,,,,,,,,,,,,,,,,,,,,,,,,,,,,
gpt2-medium,1E-05,1,13,False,16.9957,0.758876890176841,0.20895202072461,-0.099505260586739,0.624805927276611,0.808576226234436,0.935783326625824,0.958352941176471,1.45463478875824,54,20689,9772,4739,2478,1318,724,411,228,129,78,48,33,22,10,6,,,1,21811,4,,2,,,,,,,,,,,,,,,,,,,,,,,,,,,,
gpt2-medium,1E-05,1,4,False,17.2607,0.756247431633731,0.210278793515278,-0.099505260586739,0.620025843381882,0.807276487350464,0.934270232915878,0.895764705882353,1.34923122399795,15,20098,9120,4288,2151,1111,592,313,172,98,56,31,21,13,5,1,,,,22402,,,,,,,,,,,,,,,,,,,,,,,,,,,,,,,
gpt2-medium,1E-05,1,9,False,17.0056,0.75846508351022,0.209219371111031,-0.099505260586739,0.624735966324806,0.808372020721435,0.935233011841774,0.950752941176471,1.44313391446934,54,20606,9701,4688,2444,1292,705,399,225,125,75,45,32,20,8,3,,,1,21894,,,,,,,,,,,,,,,,,,,,,,,,,,,,,,,
gpt2-medium,5E-05,1,1,False,17.6602,0.757760465037779,0.209409611572339,-0.04711727425456,0.622918054461479,0.807832926511765,0.934234589338303,0.904047058823529,1.37989435242876,54,20129,9221,4359,2235,1137,592,314,174,98,53,32,20,12,5,2,,,1,22371,,,,,,,,,,,,,,,,,,,,,,,,,,,,,,,
gpt2-medium,5E-05,1,2,False,17.1745,0.760251136469096,0.207584175121092,-0.080161668360233,0.626364156603813,0.808993190526962,0.936231166124344,0.983176470588235,1.47460978408053,53,20981,10037,4973,2611,1381,758,415,248,134,90,45,30,21,14,6,,,,21519,3,2,,,,,,,,,,,,,,1,,,,,,,,,,,,,,,
gpt2-medium,5E-05,1,3,False,17.1357,0.762868430763527,0.206375446356281,-0.07481761276722,0.631660521030426,0.812464654445648,0.937179982662201,1.04524705882353,1.52930840724573,23,21603,10691,5420,2922,1626,914,521,298,166,104,56,37,27,15,7,2,1,,20897,6,3,,,,,,,,,,,,,,,,,,,,,,,,,,,,,
gpt2-medium,5E-05,1,4,False,17.2404,0.764725211146112,0.205574990497265,-0.059503301978111,0.633608102798462,0.813762426376343,0.938109546899796,1.09872941176471,1.5952892146858,54,22124,11298,5853,3239,1790,1005,567,317,176,108,64,42,28,17,11,,,1,20376,6,4,,,,,,,,,,,,,,,2,,,,,,,,,,,,,,
gpt2-medium,5E-05,1,6,False,18.0225,0.767218945959736,0.205268367476045,-0.090873062610626,0.637873187661171,0.816456019878387,0.940430074930191,1.18096470588235,1.69844278266839,54,22815,12036,6488,3667,2067,1236,739,427,251,160,88,59,44,29,17,4,,1,19685,12,7,,,,,,,,,,,,,,,2,,,,,,,,,,,,,,
gpt2-medium,5E-06,1,10,False,17.4296,0.755682053781608,0.210636186123896,-0.099505260586739,0.619707942008972,0.805521667003632,0.934385821223259,0.882917647058824,1.35668487654663,54,19942,8985,4163,2084,1064,570,302,161,89,52,31,22,13,5,2,,,1,22558,,,,,,,,,,,,,,,,,,,,,,,,,,,,,,,
gpt2-medium,5E-06,1,15,False,17.1903,0.756478666499717,0.210338012769899,-0.099505260586739,0.620747417211533,0.805907189846039,0.934407398104668,0.909011764705882,1.39085316996153,54,20201,9250,4375,2230,1154,621,329,182,104,62,35,23,15,6,,,,1,22299,,,,2,,,,,,,,,,,,,,,,,,,,,,,,,,,
gpt2-medium,5E-06,1,20,False,17.1495,0.756992518708482,0.210039381464026,-0.099505260586739,0.621821895241737,0.806346297264099,0.934921026229858,0.917152941176471,1.39890084944386,54,20295,9344,4437,2264,1177,634,341,189,109,64,38,26,15,6,,,,1,22205,,,,,,,,,,,,,,,,,,,,,,,,,,,,,,,
gpt2-xl,1E-05,1,1,False,14.8584,0.762753139336582,0.206701128131118,-0.040481872856617,0.630321711301804,0.81268310546875,0.93712405860424,0.972729411764706,1.4644937943375,54,20912,9922,4864,2561,1344,736,393,228,133,80,44,31,20,12,7,3,,1,21588,4,,,,,,,,,,,,,2,,,,,,,,,,,,,,,,,
gpt2-xl,1E-05,1,2,False,14.5831,0.764551708388515,0.206054658277571,-0.0479756295681,0.633976235985756,0.813220143318176,0.938436791300774,1.05531764705882,1.5567641532542,39,21667,10785,5512,2971,1642,920,524,312,176,113,68,47,32,21,14,4,,,20833,8,5,3,,,,,,1,,,,,2,,,,,,,,,,,,,,,,,
gpt2-xl,1E-05,1,3,False,14.6886,0.768180759602971,0.20476967352574,-0.043192606419325,0.639779672026634,0.818002820014954,0.940553486347198,1.13192941176471,1.62953567673731,39,22455,11583,6124,3354,1882,1091,630,373,218,142,82,55,37,23,16,3,,,20045,11,6,2,,,,,,1,,,,,,,,,,,,,,,,,,,,,,
gpt2-xl,1E-05,1,5,False,15.1117,0.769132531711174,0.204656968011298,-0.062196902930737,0.64067704975605,0.819315075874329,0.941085070371628,1.20011764705882,1.70886904220721,39,23056,12250,6625,3711,2133,1276,746,433,258,166,107,70,50,34,23,7,2,,19444,19,11,4,,3,,,,1,,,,,,,,,,,,,,,,,,,,,,
gpt2-xl,5E-05,1,1,False,15.887,0.765831714162515,0.206003193825672,-0.076163716614246,0.636344954371452,0.816360682249069,0.939413323998451,1.08388235294118,1.59920948767728,54,21913,11083,5717,3148,1745,993,559,329,187,121,67,50,36,24,19,6,,1,20587,16,8,5,3,,2,,,,,,,,,,,,,,,,,,,,,,,,,
gpt2-xl,5E-05,1,2,False,16.2734,0.774804501490865,0.202337322974959,-0.054397512227297,0.649301618337631,0.824456214904785,0.945692360401154,1.386,1.91348361968808,54,24453,13986,8104,4805,2869,1749,1057,654,405,261,169,103,77,56,39,12,,1,18047,26,16,6,,4,3,,,,,2,,,,,,,,,,,,,,,,,,,,
gpt2-xl,5E-05,1,3,False,19.2156,0.784834838762375,0.201418464399769,-0.067940771579742,0.662267103791237,0.837847292423248,0.955164059996605,1.94748235294118,2.57494448118751,54,27546,18042,11846,7894,5388,3605,2462,1685,1144,824,596,424,313,222,161,75,28,1,14954,115,88,54,45,38,31,19,,2,5,,8,,16,,,11,20,9,4,3,,,,,,,,,,
gpt2-xl,5E-05,1,4,False,23.5284,0.79569044245361,0.199898219016303,-0.088013336062431,0.67629873752594,0.851094752550125,0.968267127871513,2.78070588235294,3.57919803531984,64,30492,22184,16259,11931,8925,6600,4927,3734,2811,2150,1662,1277,998,778,604,314,118,,12008,481,392,257,216,173,139,81,32,,27,17,42,28,69,45,,59,98,52,19,15,36,22,14,12,9,5,4,3,2,1
gpt2-xl,5E-06,1,1,False,15.0479,0.760240372646425,0.208479539841957,-0.046492792665958,0.62868843972683,0.810260802507401,0.935895100235939,0.92435294117647,1.39224518676106,39,20438,9407,4491,2298,1177,653,349,191,112,67,31,20,13,7,4,2,,,22062,,,,,,,,,1,,,,,,,,,,,,,,,,,,,,,,
gpt2-xl,5E-06,1,2,False,14.7206,0.761638462289806,0.207774106849301,-0.091856136918068,0.629181921482086,0.81187978386879,0.936321780085564,0.982,1.45918074684507,39,20988,10065,4964,2592,1381,751,409,227,134,82,45,31,21,12,5,2,,,21512,3,,,,,,,,1,,,,,,,,,,,,,,,,,,,,,,
gpt2-xl,5E-06,1,3,False,14.6316,0.764681044962257,0.205989201731231,-0.083164066076279,0.634428843855858,0.814681202173233,0.938326314091682,1.02054117647059,1.50219701182094,39,21375,10459,5269,2784,1515,849,467,260,148,92,51,34,23,14,5,,,,21125,4,2,,,,,,,1,,,,,,,,,,,,,,,,,,,,,,
gpt2-xl,5E-06,1,4,False,14.6192,0.765109606591743,0.205673317009054,-0.083164066076279,0.633811101317406,0.814702570438385,0.938897088170052,1.03355294117647,1.51777280435881,39,21515,10605,5355,2841,1559,877,481,271,149,97,54,37,26,17,9,2,,,20985,7,3,,,,,,,1,,,,,,,,,,,,,,,,,,,,,,
gpt2-xl,5E-06,1,5,False,14.6539,0.764859889953671,0.205509688695134,-0.083164066076279,0.633626848459244,0.814467132091522,0.938426181674004,1.04872941176471,1.53816121948716,39,21631,10734,5485,2935,1614,923,509,285,165,106,61,39,26,17,9,2,,,20869,6,3,,,,,,,1,,,,,,,,,,,,,,,,,,,,,,
gpt2-xl,5E-06,1,6,False,14.6463,0.765382672398472,0.205549459269192,-0.083202160894871,0.63419845700264,0.815728157758713,0.938551664352417,1.05444705882353,1.54553168596828,39,21708,10804,5521,2946,1624,929,513,288,168,109,62,43,29,18,11,4,,,20792,9,6,2,,,,,,1,,,,,,,,,,,,,,,,,,,,,,
gpt2-xl,5E-06,1,7,False,14.6849,0.765474324491598,0.20529081683689,-0.021985685452819,0.634561210870743,0.815211266279221,0.938594549894333,1.06672941176471,1.56243547889634,39,21809,10901,5605,3019,1680,966,543,308,180,113,68,46,31,19,11,3,,,20691,8,5,,,,,,,1,,,,,,,,,,,,,,,,,,,,,,
gpt2,1E-05,1,10,False,21.1841,0.749609108414567,0.213990109064293,-0.107175052165985,0.611020013689995,0.798886656761169,0.930920705199241,0.813223529411765,1.25781276516891,23,19137,8197,3608,1758,882,451,235,125,69,41,23,14,6,4,,,1,,23363,,2,,,,,,,,,,,,,,,,,,,,,,,,,,,,,
gpt2,1E-05,1,19,False,20.9824,0.750260300599082,0.213448120322122,-0.107175052165985,0.611838966608048,0.799789041280746,0.931078597903252,0.827835294117647,1.2831479426483,37,19293,8359,3725,1838,925,472,243,129,74,44,24,16,8,5,,,,,23207,3,2,,,,,,,,,1,,,,,,,,,,,,,,,,,,,,
gpt2,1E-05,1,25,False,20.9132,0.750467913164922,0.213522004273181,-0.064354814589024,0.611919745802879,0.80083167552948,0.930790454149246,0.8368,1.29725255071379,37,19387,8448,3797,1880,956,484,249,136,82,52,30,18,9,6,,,,,23113,4,2,,,,,,,,,1,,,,,,,,,,,,,,,,,,,,
gpt2,5E-05,1,1,False,22.2072,0.747665732851405,0.216442027617825,-0.115276597440243,0.607455581426621,0.798923134803772,0.930359467864036,0.783247058823529,1.23218400252471,37,18725,7842,3399,1649,789,395,205,116,67,35,21,11,6,4,2,,,,23775,,,,,,,,,,,1,,,,,,,,,,,,,,,,,,,,
gpt2,5E-05,1,12,False,20.455,0.756910031596604,0.21063169235443,-0.058242086321115,0.621387332677841,0.807834923267365,0.934951931238174,0.972141176470588,1.44909801591086,23,20861,9929,4866,2558,1343,754,417,242,137,83,44,28,19,10,7,,2,,21639,4,,,,,,,,,,,,,,,,,,,,,,,,,,,,,,
gpt2,5E-05,1,2,False,21.252,0.751423847907562,0.213651145333487,-0.086876146495342,0.613333389163017,0.802638411521912,0.932074293494224,0.837247058823529,1.288746758075,23,19373,8489,3824,1866,947,477,261,144,91,48,24,16,8,4,,,1,,23127,2,,,,,,,,,,,,,,,,,,,,,,,,,,,,,,
gpt2,5E-05,1,3,False,20.8141,0.751619155149271,0.213477505502859,-0.051084570586681,0.613619074225426,0.802585780620575,0.932604908943176,0.870352941176471,1.33905531032791,37,19769,8793,4062,2038,1056,560,305,163,97,54,26,15,10,7,4,,2,,22731,3,,,,,,,,,,1,,,,,,,,,,,,,,,,,,,,
gpt2,5E-05,1,4,False,20.5576,0.753238568777558,0.212329482889843,-0.075577311217785,0.615815833210945,0.803479194641113,0.93316376209259,0.893788235294118,1.36335588408462,37,20034,9083,4268,2141,1101,596,319,178,101,63,28,18,13,7,5,,2,,22466,3,,,,,,,,,,1,,,,,,,,,,,,,,,,,,,,
gpt2,5E-05,1,8,False,20.4132,0.75569549453814,0.211048606887107,-0.052052352577448,0.618815660476685,0.806278079748154,0.934238120913506,0.945882352941176,1.42414108347414,23,20570,9642,4655,2415,1257,699,394,227,132,81,44,30,19,10,7,,2,,21930,4,,,,,,,,,,,,,,,,,,,,,,,,,,,,,,
gpt2,5E-06,1,17,False,21.6222,0.748113108430825,0.214878182507098,-0.120284281671047,0.606956213712692,0.797942459583283,0.930138438940048,0.788258823529412,1.22838057018876,23,18840,7899,3409,1646,813,420,217,110,60,35,18,12,6,4,,,1,,23660,,2,,,,,,,,,,,,,,,,,,,,,,,,,,,,,
gpt2,5E-06,1,25,False,21.3069,0.748868935785333,0.214314404704496,-0.107175052165985,0.610185727477074,0.797715544700623,0.930470317602158,0.806894117647059,1.25087964083102,23,19032,8130,3571,1742,867,445,228,118,66,39,20,13,6,4,,,1,,23468,,2,,,,,,,,,,,,,,,,,,,,,,,,,,,,,
gpt2,5E-06,1,30,False,21.2389,0.749225722916205,0.213987631876419,-0.055722333490849,0.610636845231056,0.798484861850739,0.930603176355362,0.809647058823529,1.25435353032077,23,19076,8160,3587,1751,869,448,229,121,69,42,22,14,6,4,,,1,,23424,,2,,,,,,,,,,,,,,,,,,,,,,,,,,,,,
gpt2-large,,,,,,0.748244434204106,0.217807111887274,-0.091087847948074,0.607673928141594,0.801641434431076,0.931799530982971,0.6764,1.08523466623857,16,17198,6748,2701,1132,482,248,118,63,29,18,3,,2,,,,,,25302,1,,,,,,,,,,,,,,,,,,,,,,,,,,,,,,
